{"objectsList":[{"name":"plateform_trolley(Clone)","nameTag":"plateform_trolley(Clone)","prefabName":"plateform_trolley","instanceId":-228298,"init_pos":{"x":-2.8297109603881838,"y":0.5,"z":-6.489321231842041},"init_rot":{"x":0.0,"y":0.0,"z":0.0},"init_scale":{"x":1.0,"y":1.0,"z":1.0},"init_parent":{"instanceID":42418}}],"actionsList":[{"duration":1.0,"start":0.0,"end":1.0,"type":0,"object_operator":{"instanceID":-228298},"op_iid":-228298,"object_target":{"instanceID":0},"tar_iid":0,"start_pos":{"x":-2.8297109603881838,"y":0.5,"z":-6.489321231842041},"end_pos":{"x":-3.1327877044677736,"y":0.5,"z":-0.2790718078613281},"target_pos":{"x":0.0,"y":0.0,"z":0.0},"target_rot":{"x":0.0,"y":0.0,"z":0.0},"start_forward":{"x":0.0,"y":0.0,"z":0.0},"end_forward":{"x":0.0,"y":-2.7939329147338869,"z":0.0},"angle":-2.7939329147338869,"name":"Move","notes":"","umount":false},{"duration":1.0,"start":1.0,"end":2.0,"type":0,"object_operator":{"instanceID":-228298},"op_iid":-228298,"object_target":{"instanceID":0},"tar_iid":0,"start_pos":{"x":-3.1327877044677736,"y":0.5,"z":-0.2790718078613281},"end_pos":{"x":2.250305652618408,"y":0.5,"z":-0.1451864242553711},"target_pos":{"x":0.0,"y":0.0,"z":0.0},"target_rot":{"x":0.0,"y":0.0,"z":0.0},"start_forward":{"x":0.0,"y":-2.7939329147338869,"z":0.0},"end_forward":{"x":0.0,"y":88.57526397705078,"z":0.0},"angle":91.36919403076172,"name":"Move","notes":"","umount":false},{"duration":1.0,"start":2.0,"end":3.0,"type":0,"object_operator":{"instanceID":-228298},"op_iid":-228298,"object_target":{"instanceID":0},"tar_iid":0,"start_pos":{"x":2.250305652618408,"y":0.5,"z":-0.1451864242553711},"end_pos":{"x":2.366760492324829,"y":0.5,"z":-5.39827299118042},"target_pos":{"x":0.0,"y":0.0,"z":0.0},"target_rot":{"x":0.0,"y":0.0,"z":0.0},"start_forward":{"x":0.0,"y":88.57526397705078,"z":0.0},"end_forward":{"x":0.0,"y":178.73001098632813,"z":0.0},"angle":90.15475463867188,"name":"Move","notes":"","umount":false},{"duration":1.0,"start":3.0,"end":4.0,"type":0,"object_operator":{"instanceID":-228298},"op_iid":-228298,"object_target":{"instanceID":0},"tar_iid":0,"start_pos":{"x":2.366760492324829,"y":0.5,"z":-5.39827299118042},"end_pos":{"x":-2.929255723953247,"y":0.5,"z":-5.915226936340332},"target_pos":{"x":0.0,"y":0.0,"z":0.0},"target_rot":{"x":0.0,"y":0.0,"z":0.0},"start_forward":{"x":0.0,"y":178.73001098632813,"z":0.0},"end_forward":{"x":0.0,"y":264.4249267578125,"z":0.0},"angle":85.69490051269531,"name":"Move","notes":"","umount":false}],"timelineDuration":4.0}